question,label
What are some ways to adjust to Swedish culture as an expat?,CULTURE
How can you integrate into Swedish society as a foreigner?,CULTURE
What cultural norms should you be aware of when adapting to Swedish culture?,CULTURE
How can you learn more about Swedish customs and traditions?,CULTURE
What are some common challenges that people face when adapting to Swedish culture?,CULTURE
What are some tips for making Swedish friends and building a social network?,CULTURE
What are some common misconceptions about Swedish culture?,CULTURE
How important is learning the Swedish language when adapting to Swedish culture?,CULTURE
What are some good ways to understand Swedish humor and communication styles?,CULTURE
How can you navigate the Swedish job market and workplace culture?,CULTURE
What are some important things to keep in mind when adapting to Swedish parenting styles?,CULTURE
How can you become more comfortable with Swedish cuisine and dining customs?,CULTURE
What are some ways to embrace the Swedish love of nature and the outdoors?,CULTURE
How can you become involved in Swedish cultural events and activities?,CULTURE
What are some common social norms and customs that you should know when adapting to Swedish culture?,CULTURE
How can you avoid culture shock when moving to Sweden?,CULTURE
What are some resources available for foreigners to learn about Swedish culture?,CULTURE
"How can you adapt to the Swedish concept of ""lagom"" (moderation)?",CULTURE
What are some ways to understand and respect Swedish traditions and holidays?,CULTURE
What are some strategies for dealing with homesickness when adapting to Swedish culture?,CULTURE
How can you balance your own cultural identity with adapting to Swedish culture?,CULTURE
"What are some common misunderstandings between Swedes and foreigners, and how can they be overcome?",CULTURE
How can you navigate the Swedish healthcare system and cultural attitudes towards health?,CULTURE
"What are some ways to become familiar with Swedish art, music, and literature?",CULTURE
How can you become comfortable with Swedish public transportation and biking culture?,CULTURE
What are some ways to understand and embrace Swedish attitudes towards work-life balance?,CULTURE
How can you become involved in Swedish volunteer and community service organizations?,CULTURE
What are some ways to become knowledgeable about Swedish politics and current events?,CULTURE
How can you understand and appreciate Swedish design and fashion?,CULTURE
What are some ways to adapt to Swedish housing and living arrangements?,CULTURE
What are some tips for making friends in Sweden?,CULTURE
How can I meet new people and make friends in Sweden?,CULTURE
Is it difficult to make friends in Sweden as a foreigner?,CULTURE
What are some cultural differences to keep in mind when making friends in Sweden?,CULTURE
How do Swedes typically make friends and socialize?,CULTURE
What are some social activities or clubs to join to meet new people in Sweden?,CULTURE
What is the best way to approach someone and start a conversation in Sweden?,CULTURE
How can I make connections and build a social network in Sweden?,CULTURE
Are there any online communities or forums for meeting new people in Sweden?,CULTURE
How important is socializing and having friends in Swedish culture?,CULTURE
Can language barriers make it harder to make friends in Sweden?,CULTURE
What are some common mistakes to avoid when trying to make friends in Sweden?,CULTURE
How long does it typically take to build a social circle in Sweden?,CULTURE
What are some topics to avoid when getting to know someone in Sweden?,CULTURE
What is the role of fika in making friends in Sweden?,CULTURE
How can I find and join a group of people with similar interests in Sweden?,CULTURE
What is the Swedish approach to personal space and physical contact when making friends?,CULTURE
How can I show my interest in becoming friends with someone in Sweden?,CULTURE
What is the importance of shared values in building friendships in Sweden?,CULTURE
What are some differences in communication style to be aware of when making friends in Sweden?,CULTURE
How can I learn more about Swedish culture and customs to better connect with locals and make friends?,CULTURE
"Is it common for Swedes to have a small, tight-knit group of friends rather than a large social circle?",CULTURE
How can I be respectful of Swedish culture while still being myself when making friends?,CULTURE
Are there any language exchange programs or language caf√©s that can help me make friends while improving my Swedish?,CULTURE
How can I navigate the process of making friends with coworkers in a Swedish workplace?,CULTURE
How do Swedes typically invite people to social events or activities?,CULTURE
What are some cultural taboos or sensitive topics to be aware of when making friends in Sweden?,CULTURE
What are some ways to stay connected with new friends and maintain friendships in Sweden?,CULTURE
How important is punctuality and reliability in building and maintaining friendships in Sweden?,CULTURE
How can I overcome shyness or social anxiety to make friends in Sweden?,CULTURE
What are some tips for surviving the cold Swedish winter?,CULTURE
How can I prepare for the harsh Swedish winter weather?,CULTURE
What should I wear to stay warm during a Swedish winter?,CULTURE
What are some indoor activities to do during the long Swedish winter months?,CULTURE
How can I stay active during the winter in Sweden?,CULTURE
What are some cultural traditions during the Swedish winter season?,CULTURE
What are the best places to go ice skating in Sweden during the winter?,CULTURE
How can I avoid getting sick during the winter in Sweden?,CULTURE
What are some foods that are popular during the Swedish winter?,CULTURE
How can I decorate my home for the winter season in Sweden?,CULTURE
What are some winter sports to try in Sweden?,CULTURE
How can I maintain mental health during the dark and cold Swedish winter?,CULTURE
What are some common winter hazards in Sweden and how can I avoid them?,CULTURE
What are some scenic places to visit in Sweden during the winter?,CULTURE
How can I prepare my car for driving during the winter in Sweden?,CULTURE
What are some winter festivals and events in Sweden?,CULTURE
What are the daylight hours like during a Swedish winter?,CULTURE
How can I keep my home warm and energy-efficient during the Swedish winter?,CULTURE
What are some winter travel tips for visiting Sweden?,CULTURE
How can I make the most of the limited daylight during the Swedish winter?,CULTURE
What are some winter hobbies to try in Sweden?,CULTURE
What are some winter safety tips for hiking or camping in Sweden?,CULTURE
How can I cope with the lack of sunlight during a Swedish winter?,CULTURE
What are some winter traditions in different regions of Sweden?,CULTURE
How can I stay healthy and active during a long Swedish winter?,CULTURE
What are some winter driving tips for navigating snowy and icy roads in Sweden?,CULTURE
How can I enjoy the Swedish winter with children?,CULTURE
What are some winter wildlife spotting opportunities in Sweden?,CULTURE
What are some ways to practice self-care during a difficult Swedish winter?,CULTURE
How can I make the most of the winter darkness and embrace the coziness of the Swedish winter?,CULTURE
"Can I live comfortably in Stockholm without knowing Swedish, but only English?",LANGUAGE
Is it possible to navigate Stockholm without knowing the Swedish language?,LANGUAGE
Can I manage daily life in Stockholm with just English?,LANGUAGE
Is it necessary to learn Swedish if I want to live in Stockholm?,LANGUAGE
Can I find a job and communicate with colleagues in Stockholm without knowing Swedish?,LANGUAGE
How important is the knowledge of the Swedish language for social life in Stockholm?,LANGUAGE
Is it easy to make friends in Stockholm without speaking Swedish?,LANGUAGE
Can I get by with just English when it comes to healthcare in Stockholm?,LANGUAGE
Are there any areas of Stockholm where English is more commonly spoken than Swedish?,LANGUAGE
Can I attend higher education institutions in Stockholm without knowing Swedish?,LANGUAGE
What is the process to apply for SFI classes in Sweden?,LANGUAGE
How do I register for SFI in Stockholm?,LANGUAGE
Can I apply for SFI over the phone or online?,LANGUAGE
Is there an age limit for applying to SFI?,LANGUAGE
What are the eligibility requirements for applying to SFI in Sweden?,LANGUAGE
Do I need to have a personal number to apply for SFI?,LANGUAGE
How long does the SFI application process usually take?,LANGUAGE
Are there any fees associated with applying for SFI?,LANGUAGE
Can I apply for SFI as a student or do I need to be a resident?,LANGUAGE
What level of Swedish proficiency is required for SFI?,LANGUAGE
Do I need to provide any documentation when applying for SFI?,LANGUAGE
Is there an application deadline for SFI?,LANGUAGE
Can I apply for SFI if I have already completed some Swedish language courses?,LANGUAGE
How can I find out if I am eligible to apply for SFI?,LANGUAGE
What is the minimum age for applying to SFI in Sweden?,LANGUAGE
Can I apply for SFI if I am not yet registered with the Swedish Tax Agency?,LANGUAGE
Is there a waiting list for SFI classes?,LANGUAGE
Can I apply for SFI if I am currently unemployed?,LANGUAGE
Can I apply for SFI if I am already enrolled in university?,LANGUAGE
Can I apply for SFI if I am a tourist in Sweden?,LANGUAGE
How can I apply for SFI if I don't speak Swedish yet?,LANGUAGE
Are there any exemptions for language proficiency for applying to SFI?,LANGUAGE
Is there a difference in the application process for SFI and SAS courses?,LANGUAGE
Can I apply for SFI if I am on a work visa?,LANGUAGE
How soon can I start my SFI classes after applying?,LANGUAGE
Are there any online SFI classes available for remote learning?,LANGUAGE
Can I apply for SFI in person at any SFI school?,LANGUAGE
Do I need to pass a test to be accepted into SFI?,LANGUAGE
How do I know which level of SFI to apply for?,LANGUAGE
Can I apply for SFI if I have already completed high school in Sweden but need to improve my Swedish proficiency?,LANGUAGE
What are the most effective methods for learning Swedish?,LANGUAGE
How can I learn Swedish quickly and efficiently?,LANGUAGE
Is it better to learn Swedish through immersion or through structured classes?,LANGUAGE
What resources are available for learning Swedish online?,LANGUAGE
How important is practicing with native speakers when learning Swedish?,LANGUAGE
Should I learn Swedish through self-study or with a teacher?,LANGUAGE
What are the benefits of learning Swedish through a language school?,LANGUAGE
What is the best approach for beginners to learn Swedish?,LANGUAGE
How long does it usually take to learn Swedish fluently?,LANGUAGE
Is it necessary to study grammar when learning Swedish?,LANGUAGE
What are the most common mistakes people make when learning Swedish?,LANGUAGE
Can I learn Swedish by watching movies and TV shows?,LANGUAGE
How much time per day should I dedicate to learning Swedish?,LANGUAGE
Is it necessary to have a Swedish language partner when learning Swedish?,LANGUAGE
What are the most effective techniques for improving listening comprehension in Swedish?,LANGUAGE
Are there any language apps that are particularly useful for learning Swedish?,LANGUAGE
What are the benefits of learning Swedish in a group setting?,LANGUAGE
How can I practice my Swedish speaking skills?,LANGUAGE
Can I learn Swedish through books or do I need to take classes?,LANGUAGE
What are the most common challenges people face when learning Swedish?,LANGUAGE
Is it easier to learn Swedish if you already know another Scandinavian language?,LANGUAGE
How can I practice my Swedish writing skills?,LANGUAGE
What are the most important things to focus on when learning Swedish as a beginner?,LANGUAGE
Can I learn Swedish on my own or do I need a teacher?,LANGUAGE
What are the best ways to practice Swedish vocabulary?,LANGUAGE
Is it necessary to travel to Sweden to learn Swedish?,LANGUAGE
What are the most important aspects of Swedish pronunciation to focus on?,LANGUAGE
How can I maintain my motivation when learning Swedish?,LANGUAGE
Is it helpful to use flashcards when learning Swedish?,LANGUAGE
What are the benefits of learning Swedish for career development?,LANGUAGE
Is SFI the most effective way to learn Swedish as a beginner?,LANGUAGE
How does SFI compare to other language programs for learning Swedish?,LANGUAGE
Can you become fluent in Swedish by completing SFI?,LANGUAGE
What are the pros and cons of learning Swedish through SFI?,LANGUAGE
Is SFI suitable for advanced learners of Swedish?,LANGUAGE
Can you learn Swedish quickly through SFI?,LANGUAGE
Are there any alternatives to SFI for learning Swedish?,LANGUAGE
How long does it usually take to become proficient in Swedish through SFI?,LANGUAGE
What are the success rates of students who complete SFI?,LANGUAGE
Is SFI a good investment for those looking to live and work in Sweden?,LANGUAGE
Can I rent an apartment in Stockholm from outside Sweden?,APARTMENT
What are the steps to rent an apartment in Stockholm if I am not physically in Sweden?,APARTMENT
Are there any specific requirements for renting an apartment in Stockholm from abroad?,APARTMENT
How can I find available apartments to rent in Stockholm from outside Sweden?,APARTMENT
Can I sign a rental agreement remotely if I am not in Sweden?,APARTMENT
Are there any online services that help with renting an apartment in Stockholm from abroad?,APARTMENT
How can I verify the legitimacy of a rental listing if I am not in Stockholm?,APARTMENT
Can I get help from a real estate agent to rent an apartment in Stockholm if I am outside Sweden?,APARTMENT
Is it possible to rent an apartment in Stockholm without visiting it in person?,APARTMENT
How can I communicate with landlords or rental agencies in Stockholm if I am outside Sweden?,APARTMENT
Are there any special considerations for renting an apartment in Stockholm as a non-Swedish resident?,APARTMENT
How can I negotiate the terms of a rental agreement if I am not in Stockholm?,APARTMENT
Can I rent an apartment in Stockholm for a short period of time if I am not in Sweden?,APARTMENT
Are there any legal documents or contracts that need to be signed when renting an apartment in Stockholm from abroad?,APARTMENT
How can I pay for rent and other associated costs if I am not in Sweden?,APARTMENT
What are the common rental fees associated with renting an apartment in Stockholm?,APARTMENT
How can I ensure the safety and security of the rental process if I am not in Stockholm?,APARTMENT
Are there any restrictions on who can rent an apartment in Stockholm from abroad?,APARTMENT
How can I get help with the language barrier when renting an apartment in Stockholm from outside Sweden?,APARTMENT
Can I get assistance with moving my belongings to the apartment in Stockholm if I am not in Sweden?,APARTMENT
What should I do if I encounter problems or issues during the rental process from abroad?,APARTMENT
Are there any differences in the rental process for furnished vs unfurnished apartments in Stockholm?,APARTMENT
Can I negotiate the rental price if I am renting from abroad?,APARTMENT
How can I be sure that the apartment I am renting in Stockholm is safe and up to code?,APARTMENT
What are the best neighborhoods to rent an apartment in Stockholm for expats?,APARTMENT
Is it possible to rent an apartment in Stockholm without a Swedish personal number?,APARTMENT
How can I arrange for a viewing of an apartment in Stockholm if I am outside Sweden?,APARTMENT
Can I get a leasehold apartment in Stockholm if I am outside Sweden?,APARTMENT
How can I verify the identity of the landlord or rental agency when renting from abroad?,APARTMENT
What are the common mistakes to avoid when renting an apartment in Stockholm from outside Sweden?,APARTMENT
What steps should I take to get a first-hand contract for an apartment?,APARTMENT
How can I increase my chances of getting a first-hand rental contract for an apartment?,APARTMENT
What are the requirements to obtain a first-hand rental contract for an apartment?,APARTMENT
Is it difficult to get a first-hand rental contract for an apartment in Stockholm?,APARTMENT
What documents do I need to provide to get a first-hand rental contract for an apartment?,APARTMENT
Can I get a first-hand rental contract for an apartment without a Swedish personal number?,APARTMENT
How can I find apartments with available first-hand rental contracts?,APARTMENT
Are there any specific neighborhoods where it's easier to obtain a first-hand rental contract for an apartment?,APARTMENT
Can I get help from a real estate agent to obtain a first-hand rental contract for an apartment?,APARTMENT
How can I stand out as a desirable tenant for a first-hand rental contract for an apartment?,APARTMENT
Is it possible to negotiate the terms of a first-hand rental contract for an apartment?,APARTMENT
Are there any restrictions on who can obtain a first-hand rental contract for an apartment?,APARTMENT
What are the common rental fees associated with obtaining a first-hand rental contract for an apartment?,APARTMENT
Can I obtain a first-hand rental contract for an apartment without a job in Sweden?,APARTMENT
How can I prepare for the rental application process to get a first-hand contract for an apartment?,APARTMENT
Are there any special considerations for obtaining a first-hand rental contract for an apartment as a non-Swedish resident?,APARTMENT
How can I prove my financial stability to obtain a first-hand rental contract for an apartment?,APARTMENT
Can I obtain a first-hand rental contract for an apartment if I have a history of bad credit?,APARTMENT
How long does it usually take to obtain a first-hand rental contract for an apartment in Stockholm?,APARTMENT
How can I verify the legitimacy of a first-hand rental contract for an apartment?,APARTMENT
Are there any legal documents or contracts that need to be signed when obtaining a first-hand rental contract for an apartment?,APARTMENT
Can I obtain a first-hand rental contract for a furnished apartment in Stockholm?,APARTMENT
How can I ensure the safety and security of the rental process when obtaining a first-hand rental contract for an apartment?,APARTMENT
Can I obtain a first-hand rental contract for an apartment as a student?,APARTMENT
What are the best websites to search for apartments with available first-hand rental contracts in Stockholm?,APARTMENT
Is it possible to obtain a first-hand rental contract for an apartment without a co-signer or guarantor?,APARTMENT
What should I do if I encounter problems or issues during the first-hand rental contract process?,APARTMENT
Can I obtain a first-hand rental contract for an apartment if I am self-employed?,APARTMENT
How can I be sure that the apartment I am obtaining a first-hand rental contract for is safe and up to code?,APARTMENT
What are the common mistakes to avoid when trying to obtain a first-hand rental contract for an apartment?,APARTMENT
What are the advantages of having a first-hand contract compared to a second-hand one?,APARTMENT
What are the disadvantages of having a second-hand contract instead of a first-hand one?,APARTMENT
Can you explain the concept of first-hand and second-hand rental contracts?,APARTMENT
What are the legal differences between first-hand and second-hand rental contracts?,APARTMENT
How do rental prices differ between first-hand and second-hand rental contracts?,APARTMENT
What are the responsibilities of the landlord in a first-hand contract compared to a second-hand one?,APARTMENT
Are there any limitations on what you can do with a second-hand contract that you don't have with a first-hand one?,APARTMENT
How does the duration of rental agreements differ between first-hand and second-hand contracts?,APARTMENT
How do first-hand and second-hand contracts differ in terms of rent control?,APARTMENT
What are the obligations of the tenant in a first-hand contract compared to a second-hand one?,APARTMENT
How can you tell if you are signing a first-hand or a second-hand rental contract?,APARTMENT
Can you terminate a first-hand rental contract more easily than a second-hand one?,APARTMENT
What happens to a first-hand rental contract when the original tenant moves out?,APARTMENT
Can you sublet a first-hand rental contract in the same way as a second-hand one?,APARTMENT
How can you transfer a first-hand rental contract to someone else?,APARTMENT
Can a second-hand rental contract be turned into a first-hand one?,APARTMENT
How does the security deposit differ between first-hand and second-hand rental contracts?,APARTMENT
What are the legal requirements for a first-hand rental contract compared to a second-hand one?,APARTMENT
Can the rent be increased more easily with a second-hand rental contract than a first-hand one?,APARTMENT
How does the level of protection for the tenant differ between first-hand and second-hand rental contracts?,APARTMENT
How does the level of stability and security of a rental contract differ between first-hand and second-hand contracts?,APARTMENT
Are there any additional costs associated with obtaining a first-hand rental contract compared to a second-hand one?,APARTMENT
Can you get evicted more easily with a second-hand rental contract than a first-hand one?,APARTMENT
How do you negotiate the terms of a first-hand rental contract compared to a second-hand one?,APARTMENT
How does the application process differ between first-hand and second-hand rental contracts?,APARTMENT
What are the consequences of breaking a first-hand rental contract compared to a second-hand one?,APARTMENT
How does the level of legal protection differ between first-hand and second-hand rental contracts?,APARTMENT
How does the amount of paperwork and documentation differ between first-hand and second-hand rental contracts?,APARTMENT
How do the rights and responsibilities of the tenant differ between first-hand and second-hand rental contracts?,APARTMENT
Can you get a better deal on a second-hand rental contract than a first-hand one?,APARTMENT
What is a personal number and how can I obtain it?,PN
How can I apply for a personal number?,PN
What documents do I need to get a personal number?,PN
What are the steps I need to take to obtain a personal number?,PN
Can I get a personal number if I am a foreign national?,PN
Is it necessary to have a personal number to work or study in a certain country?,PN
What are the benefits of having a personal number?,PN
How long does it take to get a personal number once I've applied for it?,PN
Are there any fees involved in obtaining a personal number?,PN
How much time should I expect to wait before receiving my ID card?,PN
What is the average processing time for ID card applications?,PN
Can I speed up the process of getting my ID card?,PN
Are there any factors that can affect the time it takes to get an ID card?,PN
What is the maximum time it can take to receive an ID card?,PN
How can I track the status of my ID card application?,PN
What happens if there are delays in processing my ID card application?,PN
Is it possible to get an ID card on the same day I apply for it?,PN
How long does it take to renew an expired ID card?,PN
What should I do if I don't receive my ID card within the expected timeframe?,PN
What are the available payment methods for ID card fees?,PN
Can I pay the ID card fee online?,PN
Is it possible to pay the ID card fee in installments?,PN
Can I pay the ID card fee with a credit card?,PN
How do I know the exact amount of the fee for an ID card?,PN
Is there a deadline for paying the ID card fee?,PN
Can I pay the ID card fee at the same time as I apply for it?,PN
Are there any additional fees or charges when paying for an ID card?,PN
Can I get a refund for the ID card fee if my application is denied?,PN
What should I do if I experience problems or errors while paying for an ID card?,PN
Is it possible to pay the fee for an ID card without a Swedish bank account?,PN
What alternative payment methods are available for ID card fees for non-Swedish residents?,PN
Can I pay the ID card fee using an international bank transfer?,PN
How can I pay for the ID card fee if I don't have a Swedish bank account?,PN
Is it possible to pay the ID card fee using a foreign credit or debit card?,PN
Can I use a prepaid card to pay for the ID card fee if I don't have a Swedish bank account?,PN
Are there any additional fees or charges for paying the ID card fee without a Swedish bank account?,PN
Can I pay the ID card fee in cash if I don't have a Swedish bank account?,PN
Can I ask someone else to pay the ID card fee on my behalf if I don't have a Swedish bank account?,PN
What should I do if I encounter problems while paying the ID card fee without a Swedish bank account?,PN
What are the benefits of having a personal number?,PN
Is it mandatory to have a personal number in Sweden?,PN
Can I open a bank account without a personal number?,PN
Do I need a personal number to receive healthcare in Sweden?,PN
How can I obtain a personal number in Sweden?,PN
Are there any restrictions on who can get a personal number?,PN
Can I get a personal number if I am not a resident of Sweden?,PN
What are the consequences of not having a personal number in Sweden?,PN
Can I use my personal number from another country in Sweden?,PN
Is it possible to have multiple personal numbers in Sweden?,PN
What is the processing time for a PN application?,PN
How long does it take to receive a PN after submitting an application?,PN
Is it possible to get a PN quickly?,PN
How soon can I expect to get a PN after moving to Sweden?,PN
What is the average waiting time for a PN?,PN
Can I get a PN on the same day I apply?,PN
Is there a way to expedite the PN application process?,PN
How many days does it take to get a PN?,PN
When will I receive my PN after submitting the application?,PN
Is there a waiting list for PN applications?,PN
How much time does it take to get a PN?,PN
Are there any ways to speed up the PN application process?,PN
How long does it usually take to get a PN?,PN
What is the typical waiting period for a PN?,PN
Can I get a PN within a week of submitting the application?,PN
Is it possible to get a PN within a few days of applying?,PN
How quickly can I get a PN if I need it urgently?,PN
How long does it take to get a PN as an EU citizen?,PN
Can I get a PN immediately after arriving in Sweden?,PN
Is it possible to get a PN within 24 hours of applying?,PN
What is the quickest way to get a PN?,PN
How fast can I get a PN if I submit a complete application?,PN
Is it faster to apply for a PN in person or online?,PN
How long does it take to get a temporary PN?,PN
Can I get a PN faster if I apply through an expedited service?,PN
How long does it take to get a PN for a newborn baby?,PN
Is there a way to check the status of my PN application?,PN
How soon can I start using my PN after receiving it?,PN
How long does it take for the PN to become active after receiving it?,PN
How fast can I get a PN if I provide all the necessary documents?,PN
How do I know if my personal number has been approved?,PN
Can I track my personal number application progress online?,PN
How do I check if my personal number has been issued?,PN
Is there a way to confirm that my PN has been emitted?,PN
What are the steps to verify that my personal number has been issued?,PN
Can I track the status of my personal number issuance?,PN
Is there a website or phone number where I can check my personal number issuance status?,PN
How can I be sure that my personal number has been processed?,PN
What is the procedure to confirm that my PN has been issued?,PN
How long does it take to receive confirmation that my personal number has been issued?,PN
What documents do I need to provide to confirm that my personal number has been issued?,PN
Where can I go to check if my personal number has been issued?,PN
Is there a way to know if my personal number has been issued without contacting the authorities?,PN
How can I obtain proof of my personal number issuance?,PN
What is the usual waiting time to know if my personal number has been issued?,PN
What happens if I don't receive any confirmation that my personal number has been issued?,PN
Can I request an update on the status of my personal number issuance?,PN
How can I ensure that my personal number has been issued correctly?,PN
Are there any common reasons why personal number issuance may be delayed?,PN
Can I receive a notification when my personal number has been issued?,PN
Is there a way to expedite the personal number issuance process?,PN
Can I contact the authorities to inquire about the status of my personal number issuance?,PN
What are the steps to follow to check the status of my personal number issuance?,PN
Is it possible to receive confirmation of my personal number issuance via email?,PN
Can I request a physical copy of my personal number after it has been issued?,PN
How can I be certain that my personal number has not been issued to someone else by mistake?,PN
How can I avoid common mistakes that may delay personal number issuance?,PN
What happens if there is an error in my personal information during the personal number issuance process?,PN
Can I track the personal number issuance process in real-time?,PN
How can I confirm that my personal number has been sent to the correct address?,PN
What are some common issues that may cause a delay in personal number issuance?,PN
Is there a way to check if my personal number has been issued without physically going to an office or branch?,PN
Which bank offers the simplest process for opening a bank account?,BANK ACCOUNT
What bank has the easiest requirements to open an account?,BANK ACCOUNT
Which bank has the least amount of paperwork needed to open an account?,BANK ACCOUNT
What bank has the most user-friendly account opening process?,BANK ACCOUNT
In which bank is it most convenient to open a new account?,BANK ACCOUNT
Which bank has the most streamlined account opening procedure?,BANK ACCOUNT
What bank offers the quickest and simplest process to open an account?,BANK ACCOUNT
Which bank offers the most hassle-free experience for opening a new account?,BANK ACCOUNT
What bank provides the easiest and most straightforward way to open an account?,BANK ACCOUNT
In which bank is it the least complicated to open an account?,BANK ACCOUNT
What bank has the most straightforward account opening process?,BANK ACCOUNT
Which bank has the most accessible and straightforward account opening requirements?,BANK ACCOUNT
What bank has the most user-friendly account application process?,BANK ACCOUNT
What is the easiest bank to open a new account with?,BANK ACCOUNT
Which bank has the most straightforward account opening paperwork?,BANK ACCOUNT
What bank offers the most straightforward and painless account opening experience?,BANK ACCOUNT
Which bank offers the simplest process for foreigners to open an account?,BANK ACCOUNT
In what bank can I open an account with minimal requirements?,BANK ACCOUNT
Which bank offers the most accessible account opening requirements?,BANK ACCOUNT
What bank has the easiest account opening process for non-Swedish residents?,BANK ACCOUNT
Which bank has the least demanding account opening requirements for non-Swedish residents?,BANK ACCOUNT
What bank has the most uncomplicated account opening process for non-Swedish residents?,BANK ACCOUNT
In which bank is it the easiest for non-Swedish residents to open an account?,BANK ACCOUNT
What bank has the most straightforward process for opening a student account?,BANK ACCOUNT
Which bank offers the most straightforward process for opening a youth account?,BANK ACCOUNT
What bank has the most uncomplicated account opening process for senior citizens?,BANK ACCOUNT
In what bank can I open a joint account with the least amount of requirements?,BANK ACCOUNT
Which bank offers the most user-friendly online account opening process?,BANK ACCOUNT
What are the steps to follow when opening a bank account?,BANK ACCOUNT
Can you guide me through the process of opening a bank account?,BANK ACCOUNT
What is the procedure for opening a bank account?,BANK ACCOUNT
How do I go about opening a bank account?,BANK ACCOUNT
What are the requirements for opening a bank account?,BANK ACCOUNT
Could you explain the steps involved in opening a bank account?,BANK ACCOUNT
What are the documents I need to open a bank account?,BANK ACCOUNT
How can I open a bank account in the most efficient way?,BANK ACCOUNT
What do I need to do to start the process of opening a bank account?,BANK ACCOUNT
Can you tell me what I need to know about opening a bank account?,BANK ACCOUNT
What are the options available for opening a bank account?,BANK ACCOUNT
What should I consider before opening a bank account?,BANK ACCOUNT
How long does it take to open a bank account?,BANK ACCOUNT
What are the fees associated with opening a bank account?,BANK ACCOUNT
"Can I open a bank account online, and if so, how?",BANK ACCOUNT
What are the benefits of opening a bank account?,BANK ACCOUNT
Are there any restrictions on who can open a bank account?,BANK ACCOUNT
What are the consequences of not having a bank account?,BANK ACCOUNT
How do I choose the right type of bank account to open?,BANK ACCOUNT
What are the different types of bank accounts available for me to open?,BANK ACCOUNT
What do I need to know about the bank's policies before opening an account?,BANK ACCOUNT
Is it possible to open a bank account without an ID card?,BANK ACCOUNT
What are the alternative options for opening a bank account without an ID card?,BANK ACCOUNT
How can I prove my identity when opening a bank account without an ID card?,BANK ACCOUNT
What documents can I use to open a bank account if I don't have an ID card?,BANK ACCOUNT
Are there any banks that allow customers to open accounts without an ID card?,BANK ACCOUNT
Can I use my passport or driver's license as an alternative to an ID card when opening a bank account?,BANK ACCOUNT
How can I get a bank account if I am unable to obtain an ID card?,BANK ACCOUNT
What are the disadvantages of opening a bank account without an ID card?,BANK ACCOUNT
Can I open a bank account without an ID card if I am a foreign national?,BANK ACCOUNT
What are the steps I need to take to open a bank account without an ID card?,BANK ACCOUNT
Is it possible to open a bank account without a personal number?,BANK ACCOUNT
What are the alternative options for opening a bank account without a personal number?,BANK ACCOUNT
How can I prove my identity when opening a bank account without a personal number?,BANK ACCOUNT
What documents can I use to open a bank account if I don't have a personal number?,BANK ACCOUNT
Are there any banks that allow customers to open accounts without a personal number?,BANK ACCOUNT
Can I use my passport or driver's license as an alternative to a personal number when opening a bank account?,BANK ACCOUNT
How can I get a bank account if I am unable to obtain a personal number?,BANK ACCOUNT
What are the disadvantages of opening a bank account without a personal number?,BANK ACCOUNT
Can I open a bank account without a personal number if I am a foreign national?,BANK ACCOUNT
What are the steps I need to take to open a bank account without a personal number?,BANK ACCOUNT
Is it possible to get a bank ID without a personal number?,BANK ACCOUNT
What are the alternative options for obtaining a bank ID without a personal number?,BANK ACCOUNT
How can I prove my identity when getting a bank ID without a personal number?,BANK ACCOUNT
What documents can I use to obtain a bank ID if I don't have a personal number?,BANK ACCOUNT
Are there any banks that issue bank IDs without a personal number?,BANK ACCOUNT
Can I use my passport or driver's license as an alternative to a personal number when obtaining a bank ID?,BANK ACCOUNT
How can I get a bank ID if I am unable to obtain a personal number?,BANK ACCOUNT
What are the disadvantages of getting a bank ID without a personal number?,BANK ACCOUNT
Can I obtain a bank ID without a personal number if I am a foreign national?,BANK ACCOUNT
What are the steps I need to take to get a bank ID without a personal number?,BANK ACCOUNT
What is the process to book an appointment for opening a bank account?,BANK ACCOUNT
Is it necessary to make an appointment to open a bank account?,BANK ACCOUNT
How can I schedule a meeting to open a bank account?,BANK ACCOUNT
What are the steps to take to set up an appointment for opening a bank account?,BANK ACCOUNT
How far in advance should I book an appointment to open a bank account?,BANK ACCOUNT
Can I make an appointment to open a bank account online?,BANK ACCOUNT
How long does it take to get an appointment to open a bank account?,BANK ACCOUNT
What documents do I need to bring to my appointment for opening a bank account?,BANK ACCOUNT
How do I cancel or reschedule an appointment to open a bank account?,BANK ACCOUNT
Is it possible to walk-in for opening a bank account without an appointment?,BANK ACCOUNT
Are there any alternative ways to book an appointment to open a bank account?,BANK ACCOUNT
What is the best way to get an appointment to open a bank account quickly?,BANK ACCOUNT
How early in the day can I schedule an appointment to open a bank account?,BANK ACCOUNT
Is it possible to make a same-day appointment to open a bank account?,BANK ACCOUNT
How can I check the availability for appointments to open a bank account?,BANK ACCOUNT
Can I make an appointment to open a bank account by phone?,BANK ACCOUNT
What is the typical waiting time for an appointment to open a bank account?,BANK ACCOUNT
How many appointments can I book for opening a bank account?,BANK ACCOUNT
Is there any fee associated with booking an appointment to open a bank account?,BANK ACCOUNT
What happens if I miss my appointment for opening a bank account?,BANK ACCOUNT
Is it possible to reschedule an appointment for opening a bank account?,BANK ACCOUNT
How to prepare for my appointment for opening a bank account?,BANK ACCOUNT
Can I bring a friend or family member with me to my appointment for opening a bank account?,BANK ACCOUNT
What is the best time of the day to schedule an appointment to open a bank account?,BANK ACCOUNT
How to confirm my appointment for opening a bank account?,BANK ACCOUNT
What if I need to make changes to my appointment for opening a bank account?,BANK ACCOUNT
Can I make an appointment to open a bank account at any branch location?,BANK ACCOUNT
How to find the nearest branch location to schedule an appointment to open a bank account?,BANK ACCOUNT
Are there any requirements to meet before booking an appointment to open a bank account?,BANK ACCOUNT
How soon can I open a bank account after scheduling an appointment?,BANK ACCOUNT